"node","type"
"11709.VIF_HV2BE",0
"11709.VPX_HV2BE",0
"11709.VPR_HV2BE",0
"11709.NEF_HV2BE",0
"PPP2R5B",2
"PSMD7",2
"CD69",2
"SNRPA",2
"JUND",2
"DNAJB1",2
"PPP2R5A",2
"DNAJB6",2
"SAMHD1",2
"SLX4",2
"HAX1",2
"PPP2R5E",2
"IRF5",2
"FASLG",2
"JUN",2
"PHF20L1",2
"APOBEC3G",2
"CHEK1",2
"VPRBP",2
"PPP2R5C",2
"PPP2R5D",2
"RAD23A",2
"MCM2",2
"EGFR",2
"CEP250",2
"PIM1",2
"EFTUD2",2
"CDK7",2
"CENPK",2
"LARP7",2
"KRT18",2
"BRAF",2
"APOD",2
"MOV10",2
"CYC1",2
"PSMA6",2
"PTRF",2
"FN1",2
"ARIH1",2
"FUS",2
"PSMA5",2
"HRAS",2
"SNCA",2
"HIST1H2BB",2
"KPNA2",2
"MYC",2
"SIRT1",2
"GSK3B",2
"MAPK1",2
"NTRK1",2
"HIST1H3E",2
"HSPA4L",2
"CUL4A",2
"HNRNPA1",2
"CRK",2
"CCNA1",2
"CCNA2",2
"ISG15",2
"DNMT1",2
"BAG2",2
"NCBP1",2
"ADSL",2
"PRPF31",2
"DYNLT1",2
"EP300",2
"SUMO1",2
"TUBA1C",2
"ITFG1",2
"ESR1",2
"CSNK2B",2
"CCNT1",2
"CDC73",2
"HSP90B1",2
"NUP160",2
"MED4",2
"KRAS",2
"NCOR2",2
"DDB1",2
"MGRN1",2
"HNRNPL",2
"EZH2",2
"KIAA1429",2
"SF1",2
"CUL7",2
"CUL1",2
"APP",2
"MUS81",2
"HSPA5",2
"SRRM2",2
"RNPS1",2
"HUS1",2
"SLC15A3",2
"NPLOC4",2
"CD247",2
"DHX8",2
"FADD",2
"EIF3E",2
"H2AFX",2
"HOXB9",2
"BRCA2",2
"GAN",2
"HNRNPM",2
"EWSR1",2
"DACH1",2
"BRCA1",2
"MTMR4",2
"CHUK",2
"HIST1H4A",2
"CDC23",2
"RNF2",2
"CLPX",2
"LIN28A",2
"HIF1A",2
"CDC37",2
"ATG16L1",2
"TPM3",2
"HMOX1",2
"SF3B2",2
"HNRNPA3",2
"EZR",2
"DSN1",2
"CEBPB",2
"KIF2C",2
"CREB5",2
"LMNA",2
"PSMC6",2
"RNF4",2
"AQR",2
"CCDC93",2
"RNF123",2
"CDC5L",2
"PPARG",2
"HDAC1",2
"BCL11A",2
"COPS6",2
"CDK9",2
"CENPA",2
"ITCH",2
"HNRNPC",2
"DCAF15",2
"HSPH1",2
"DCAF7",2
"FKBP8",2
"FBXL5",2
"ADAR",2
"HNRNPU",2
"CDC34",2
"IKBKG",2
"DCTN1",2
"NDC80",2
"MCM7",2
"ORC3",2
"MAP1B",2
"AURKAIP1",2
"KLHL13",2
"USP15",2
"AURKA",2
"PPP2R2A",2
"ARRB1",2
"CPSF2",2
"GNB2L1",2
"TRIM27",2
"ESR2",2
"SORBS3",2
"CFTR",2
"HSPD1",2
"FBXO7",2
"ATP4A",2
"CDH1",2
"BAG3",2
"PSMA4",2
"HSPE1",2
"CSNK2A1",2
"DAXX",2
"HECW2",2
"ERCC1",2
"EIF2AK2",2
"FBXW11",2
"APOB",2
"HNRNPR",2
"PARP1",2
"RC3H1",2
"AMFR",2
"APOA1",2
"UBC",2
"AKT3",2
"BECN1",2
"HSPA4",2
"CHD4",2
"PSMB7",2
"RPS6KA2",2
"ASH2L",2
"ANAPC5",2
"CDK1",2
"MEX3C",2
"HDAC3",2
"KBTBD7",2
"ERCC5",2
"AP1G1",2
"SNW1",2
"MAPK7",2
"DYNC1I2",2
"POU5F1",2
"MTOR",2
"TP53",2
"BCL2L14",2
"COPS3",2
"CUL5",2
"CCHCR1",2
"NHP2L1",2
"CRMP1",2
"COPS5",2
"NONO",2
"FBXL15",2
"MDM2",2
"DDX5",2
"BRCC3",2
"POLR2A",2
"ANK2",2
"HERC2",2
"A2M",2
"NCL",2
"OSBP",2
"CDC42",2
"ACTB",2
"HSPA9",2
"CHD3",2
"PSMD8",2
"PYHIN1",2
"CD81",2
"RECQL4",2
"CUL2",2
"SUZ12",2
"BID",2
"ETV5",2
"GID8",2
"PSMA2",2
"GRB2",2
"CDK2",2
"LCK",2
"SPOP",2
"APEX1",2
"MDC1",2
"SNRPD2",2
"SNRPD3",2
"PQBP1",2
"VCP",2
"LASP1",2
"AHCYL1",2
"SIAH1",2
"PCBP1",2
"EGR2",2
"HSP90AA1",2
"TNFRSF1A",2
"DDX39B",2
"MAPRE1",2
"EGLN3",2
"HSD17B10",2
"HSPA8",2
"OBSL1",2
"HNRNPA0",2
"BARD1",2
"PRKDC",2
"PSMB5",2
"IKBKB",2
"PSMB1",2
"COX14",2
"RAB3A",2
"RFC4",2
"PSMC2",2
"CDC16",2
"CLIP1",2
"RPL7",2
"PCNA",2
"ARAP3",2
"AIFM1",2
"CLTC",2
"BTRC",2
"SMAD2",2
"RUVBL1",2
"CASP3",2
"RPS13",2
"PSEN2",2
"DDB2",2
"FANCD2",2
"HIST1H1A",2
"APC",2
"ACTL6A",2
"CBX5",2
"HNRNPA2B1",2
"MCM6",2
"CUL3",2
"TIMM13",2
"HCFC1",2
"HIST1H3A",2
"ARNT",2
"EEF2",2
"CPSF3",2
"CCND1",2
"AREL1",2
"COPS4",2
"CAND1",2
"SHC1",2
"PSMD11",2
"ARHGDIA",2
"HIF1AN",2
"DYRK2",2
"RPS27",2
"DYNC1H1",2
"RPS8",2
"NEDD4L",2
"NCK2",2
"RNF115",2
"RNF14",2
"MTA3",2
"NR2C2",2
"MED1",2
"MED15",2
"CEP76",2
"ATP6V1E1",2
"NEDD8",2
"AKT1",2
"FOXO1",2
"PSMB2",2
"PPP1CC",2
"FAF1",2
"HDAC2",2
"EIF2AK3",2
"MSN",2
"HDAC6",2
"ERICH5",2
"CRY1",2
"PRPF3",2
"MEPCE",2
"GATA2",2
"PPM1B",2
"SSRP1",2
"RC3H2",2
"DVL3",2
"BRMS1",2
"POLR2G",2
"RPL6",2
"CTNNB1",2
"PSMD14",2
"LAMP1",2
"CREBBP",2
"PPP2CA",2
"RIPK4",2
"DCPS",2
"ASF1A",2
"TRIM5",2
"KIT",2
"SART1",2
"GABPB1",2
"FOXP3",2
"CDC25A",2
"HIST1H2AB",2
"KIF23",2
"SLX1A",2
"ABL1",2
"RPTOR",2
"HNRNPH1",2
"SNRNP40",2
"CCNG1",2
"ABCE1",2
"CHRNA9",2
"KDM1A",2
"AAR2",2
"MAD1L1",2
"H2AFZ",2
"NRIP1",2
"PIK3CB",2
"HMGA1",2
"SRPK3",2
"SF3A3",2
"ATM",2
"CDC25B",2
"FBL",2
"HNRNPH3",2
"OFD1",2
"LSM10",2
"BLM",2
"TGFB1",2
"CHEK2",2
"CASC5",2
"DTX3L",2
"CSK",2
"ATXN3",2
"IGF1",2
"MCM4",2
"IK",2
"DHX38",2
"COX5B",2
"TNFRSF13C",2
"PBK",2
"POLR2E",2
"RPL24",2
"FKBP9",2
"CENPM",2
"ARID1A",2
"SFXN1",2
"CIRBP",2
"ASNA1",2
"DCAF16",2
"RNF126",2
"EPB41L1",2
"CAMKV",2
"DLD",2
"IFITM3",2
"GPATCH4",2
"INO80B",2
"CDR2",2
"FBXO25",2
"NR3C1",2
"GNPDA1",2
"HUWE1",2
"GAPDH",2
"AURKB",2
"CPSF4",2
"LUC7L",2
"POLR2C",2
"SRSF2",2
"WDR33",2
"HSP90AB1",2
"PPID",2
"RPA3",2
"HEXIM1",2
"MTCH1",2
"CLU",2
"NCKIPSD",2
"RQCD1",2
"CNTRL",2
"OTUD1",2
"FARSA",2
"CASP8",2
"CHRNA1",2
"PSMA8",2
"CCAR2",2
"RNF25",2
"PIK3CA",2
"LNX1",2
"SUMO3",2
"KANSL1",2
"KPNB1",2
"EEF1A1",2
"ANP32A",2
"ACTC1",2
"ARNTL",2
"PTBP1",2
"TOP3A",2
"ARRB2",2
"RPS10",2
"KHSRP",2
"CLNS1A",2
"GTF2F1",2
"DYNC1I1",2
"BAIAP2L1",2
"MYLIP",2
"HNRNPD",2
"HIST1H1C",2
"MYOD1",2
"HERC5",2
"HIST2H2BE",2
"FBF1",2
"NCK1",2
"ANAPC4",2
"CTDP1",2
"LRSAM1",2
"DNAJC8",2
"DDX46",2
"CHERP",2
"RBBP8",2
"HDAC8",2
"SUFU",2
"KIF11",2
"REST",2
"GTSE1",2
"STAT3",2
"BCL2",2
"PIN1",2
"PTGES3",2
"HDAC11",2
"CARM1",2
"PRPF40A",2
"BUB1B",2
"ANAPC7",2
"MATR3",2
"CASP7",2
"GATAD2A",2
"PLRG1",2
"EIF3B",2
"SRSF7",2
"DDX42",2
"CSNK1E",2
"ARL2",2
"WDR46",2
"ITGAM",2
"KCTD3",2
"PKN1",2
"POLD1",2
"MCPH1",2
"CCNL2",2
"LONRF2",2
"MAX",2
"PPP2R1A",2
"CDC20",2
"FTSJ3",2
"ECSIT",2
"PPP1CA",2
"IFI30",2
"PTEN",2
"MAVS",2
"KIAA0368",2
"MAPK6",2
"GNG2",2
"RELA",2
"KCTD6",2
"CDK4",2
"DNASE2B",2
"ESRRB",2
"RPL13",2
"APITD1",2
"IRS1",2
"FBXW7",2
"PPIE",2
"FZD2",2
"RPA2",2
"FBXW5",2
"HDGF",2
"PARK2",2
"BRIP1",2
"CBX4",2
"HIST3H3",2
"FBXO6",2
"DUSP16",2
"HNRNPF",2
"CCDC97",2
"AR",2
"CCP110",2
"TRIM15",2
"PTPN11",2
"MSH2",2
"ASB4",2
"GTF3C4",2
"CSTF3",2
"DHPS",2
"ARAF",2
"UBE2A",2
"CDC25C",2
"CTDSP2",2
"POT1",2
"PML",2
"BANP",2
"NRAS",2
"MCM3",2
"CDA",2
"KEAP1",2
"BMP7",2
"OS9",2
"PHB",2
"PRKAR1A",2
"NFKBIA",2
"CTDNEP1",2
"PSMD6",2
"NOTCH2NL",2
"GPKOW",2
"TRAF2",2
"RBM8A",2
"IGF1R",2
"PRPF4",2
"COX4I1",2
"PAK2",2
"ILK",2
"LATS2",2
"MUC1",2
"C1orf86",2
"NPHP1",2
"FOXM1",2
"PSMB8",2
"LYAR",2
"POLA1",2
"KLF5",2
"TRIM25",2
"PSMB6",2
"CDKN2A",2
"AKAP9",2
"GANAB",2
"MSH6",2
"AHCTF1",2
"HIST1H1B",2
"NCOA3",2
"EEF1D",2
"BRD4",2
"LSM3",2
"FANCG",2
"DARS",2
"PPEF1",2
"LONRF1",2
"TFAP2A",2
"MTUS2",2
"FH",2
"RNF130",2
"HDAC7",2
"PFDN5",2
"TCEAL1",2
"AGO3",2
"DVL2",2
"TXNL4A",2
"MORC3",2
"DIABLO",2
"DCX",2
"DCUN1D1",2
"RUNX2",2
"CNTN1",2
"CEP55",2
"ATF7",2
"B2M",2
"BASP1",2
"DUSP22",2
"SMAD9",2
"UBE2D1",2
"DYNLL1",2
"RBBP7",2
"MTA2",2
"MTA1",2
"MED23",2
"AP2M1",2
"ATG7",2
"DUSP10",2
"CFLAR",2
"TPM1",2
"KDM6A",2
"CBLB",2
"KRT40",2
"UBA1",2
"RIOK1",2
"ECH1",2
"LUC7L3",2
"LPAR4",2
"GLI3",2
"GLI1",2
"DNAJB5",2
"SIRT7",2
"CBX2",2
"USP11",2
"RAD50",2
"RPGRIP1L",2
"CDC14A",2
"IRAK1",2
"HIST1H2AC",2
"HSPA12A",2
"SIAH2",2
"LPP",2
"RAF1",2
"MOSPD2",2
"LYN",2
"TFDP1",2
"AGO1",2
"LMO7",2
"RCOR1",2
"PSMC4",2
"SNRPA1",2
"LIG3",2
"CACNB1",2
"KLHL22",2
"SF3B3",2
"PSMB3",2
"STUB1",2
"EGLN1",2
"CWC22",2
"ATIC",2
"ATF2",2
"RMI1",2
"PDS5A",2
"JUNB",2
"RPL15",2
"DNM1L",2
"TNIP2",2
"MCM10",2
"EPS15",2
"KTN1",2
"CDKN1A",2
"PRDX1",2
"EIF3M",2
"L1CAM",2
"CRIP1",2
"PRKACA",2
"POU2F1",2
"MRE11A",2
"HMOX2",2
"SPDL1",2
"ANKRD28",2
"CEP162",2
"SUPT16H",2
"LRP5",2
"NCF1",2
"HLA-DPB1",2
"HERC6",2
"GOPC",2
"CDCA8",2
"CXCL8",2
"DHX9",2
"SNRNP70",2
"EIF4A3",2
"HSPB1",2
"MAPK14",2
"MAPK11",2
"QKI",2
"RAD51AP1",2
"FBXL4",2
"DAPK1",2
"POLR2B",2
"SFN",2
"KAT7",2
"NEDD4",2
"SYNCRIP",2
"PSMA3",2
"TARDBP",2
"BIRC2",2
"HLA-A",2
"MAP3K1",2
"ALDH1B1",2
"BCL6",2
"HSPA1A",2
"SOCS3",2
"CKAP5",2
"CCDC92",2
"BUD31",2
"NR5A1",2
"INSR",2
"CLP1",2
"NKRF",2
"UBE2D2",2
"HLA-DRA",2
"ARPC1B",2
"UBQLN2",2
"KIF2B",2
"LSM2",2
"PPP2R3A",2
"LIMD1",2
"ASB7",2
"DNAAF5",2
"GSK3A",2
"PSMD9",2
"NFATC2",2
"RNF138",2
"DNAJC7",2
"ERLIN2",2
"CDK17",2
"DNAJA1",2
"IARS",2
"DHX15",2
"DENND1A",2
"FAF2",2
"TRIM32",2
"TP53BP1",2
"GTF2H1",2
"AMBRA1",2
"HCLS1",2
"ALDH2",2
"PABPC1",2
"SNX33",2
"CAMK2A",2
"ITK",2
"GTF2H4",2
"RNF114",2
"CUL4B",2
"MAPKAPK5",2
"P2RY6",2
"NCOR1",2
"MAPT",2
"AKAP8",2
"DAG1",2
"LRFN1",2
"EIF4A1",2
"KAT2B",2
"PSMD3",2
"HIST1H2BO",2
"CAMK2B",2
"SOD2",2
"BUB3",2
"PSME3",2
"FEN1",2
"PSEN1",2
"AKT2",2
"PCBP2",2
"MTCL1",2
"DNAJA2",2
"POLR1D",2
"SHARPIN",2
"TES",2
"RAD51",2
"RBX1",2
"METTL3",2
"HNRNPK",2
"HTT",2
"HNRNPUL1",2
"DCAF10",2
"NUSAP1",2
"PPP1CB",2
"CD2BP2",2
"SNRPD1",2
"E2F6",2
"EED",2
"MTM1",2
"CREB3",2
"GTF2B",2
"GBP1",2
"MCM5",2
"SMARCC1",2
"NCAM1",2
"BBS7",2
"ACOX1",2
"PARL",2
"SKP2",2
"TRAIP",2
"TRIM38",2
"TNK2",2
"BIRC3",2
"MBD3",2
"EXO1",2
"LARS",2
"IARS2",2
"ACTR3",2
"TXNL1",2
"NIF3L1",2
"NOD2",2
"LRRK2",2
"CTSE",2
"ORC5",2
"FYN",2
"NDUFAF3",2
"ELAVL2",2
"CPSF6",2
"MFAP1",2
"SOX2",2
"RFC3",2
"DUSP21",2
"RANBP2",2
"ACTR2",2
"RAB5A",2
"ETV1",2
"COPE",2
"CRBN",2
"MID1",2
"RRM2",2
"IFIT1",2
"PJA1",2
"PSMD2",2
"ERBB2",2
"BTG2",2
"MEF2D",2
"FOXK2",2
"SRPK2",2
"EBF3",2
"PCMT1",2
"FAN1",2
"PRKAG1",2
"FZR1",2
"DDX21",2
"FANCI",2
"CCDC22",2
"IL7R",2
"RPS27A",2
"KLF6",2
"HNRNPH2",2
"CENPU",2
"NANOG",2
"MCRS1",2
"PRKACG",2
"CSTF1",2
"SFPQ",2
"PTN",2
"AHSA1",2
"FBXO15",2
"HIST1H2BJ",2
"ATR",2
"EIF3D",2
"L3HYPDH",2
"IRF4",2
"CCDC74B",2
"FIP1L1",2
"MED20",2
"NOS2",2
"FGFR1",2
"OAS3",2
"DNAJC11",2
"CEBPA",2
"PRPF19",2
"NDEL1",2
"DTNBP1",2
"TPD52L2",2
"HDAC4",2
"PRKAA1",2
"IL13RA2",2
"CEP152",2
"ATP5B",2
"HTRA2",2
"GRAP2",2
"PABPN1",2
"CCNE1",2
"CCNK",2
"UBE2Z",2
"HEXA",2
"ABCF1",2
"EEF1B2",2
"SEC13",2
"TRAF6",2
"MAPK8",2
"GINS2",2
"MMP7",2
"PRPF8",2
"UBE4A",2
"CD19",2
"RLIM",2
"LGALS3BP",2
"KPNA1",2
"ETS1",2
"REL",2
"ETF1",2
"NF1",2
"HSPA1B",2
"DNA2",2
"PTPN6",2
"TCF7L2",2
"EPAS1",2
"SYVN1",2
"ERG",2
"LSM6",2
"RPA1",2
"PSMA7",2
"DDA1",2
"GTF2A1",2
"PPP2R1B",2
"CPSF7",2
"VCAM1",2
"NELFA",2
"CENPH",2
"COPS7A",2
"CCAR1",2
"NFKB1",2
"INO80E",2
"KCNC4",2
"ERCC2",2
"HECTD1",2
"RBM25",2
"SUMO2",2
"DYNLL2",2
"SH3RF2",2
"GLMN",2
"EIF3H",2
"BCL3",2
"DUSP23",2
"ECT2",2
"MBP",2
"MAZ",2
"SNX20",2
"ICAM1",2
"DNAJA3",2
"ASPM",2
"TACC3",2
"APLP2",2
"CD44",2
"ASPH",2
"NOTCH1",2
"TNRC6A",2
"HYOU1",2
"BICD2",2
"L3MBTL1",2
"RNF11",2
"NIN",2
"LSM8",2
"HIRA",2
"CDC27",2
"PARK7",2
"MAPK3",2
"ERCC4",2
"HIVEP1",2
"PPP4R2",2
"HIST1H2BD",2
"TOP1",2
"STRA13",2
"HERC1",2
"RAB2A",2
"RB1",2
"CSNK1A1",2
"NR2E1",2
"GIT1",2
"UBE2E1",2
"CBX8",2
"TIRAP",2
"FOXO3",2
"NUP107",2
"MAP2K1",2
"DCAF4",2
"PLEKHO1",2
"RFC1",2
"NUP50",2
"UBE2B",2
"ATF3",2
"TNFRSF1B",2
"POLR2I",2
"ERCC3",2
"ANAPC16",2
"MTDH",2
"HIPK1",2
"MLF2",2
"CCDC132",2
"KPNA4",2
"SF3B1",2
"MAP1LC3A",2
"GATAD2B",2
"LCOR",2
"FOS",2
"RGS3",2
"UBR1",2
"EGR1",2
"DCTPP1",2
"SKA1",2
"KANSL3",2
"PHGDH",2
"TPT1",2
"SMARCA4",2
"CREB1",2
"MARK2",2
"ERCC8",2
"MSH3",2
"RAB6B",2
"DNM1",2
"ATXN7",2
"CEP164",2
"TRADD",2
"PHLDB3",2
"UBE2V1",2
"EIF4G1",2
"LDHA",2
"INO80D",2
"FSD2",2
"RBMX",2
"PPP4C",2
"KLHL12",2
"DCAF5",2
"ADA",2
"AARS",2
"USP3",2
"SMG9",2
"EIF4B",2
"TAF1",2
"CTGF",2
"GSTP1",2
"LIN28B",2
"DDI1",2
"SPRTN",2
"KIF13B",2
"ANAPC13",2
"CCNB1",2
"BAG1",2
"FANCA",2
"LRRC41",2
"PYGL",2
"ELK1",2
"TERF2",2
"PRKAR1B",2
"SRSF3",2
"GMNN",2
"RAD18",2
"NBR1",2
"TMOD3",2
"NUP43",2
"FGFR2",2
"USP7",2
"GRPEL1",2
"CFAP20",2
"DNMT3L",2
"PAAF1",2
"DBI",2
"CENPN",2
"PPP2R2B",2
"UBR5",2
"ARHGEF2",2
"H2AFV",2
"PSMD10",2
"CRNKL1",2
"CRY2",2
"MECOM",2
"ARID3B",2
"TRIM21",2
"KSR1",2
"PPME1",2
"KATNA1",2
"MYO6",2
"PSME1",2
"TRAF5",2
"FBXL8",2
"TCL1A",2
"PRMT2",2
"PSMD1",2
"CTR9",2
"WRN",2
"LTBR",2
"TCEB2",2
"DDX60",2
"SRSF6",2
"NCAPD2",2
"LRR1",2
"TGFBR2",2
"PSMD12",2
"RPL14",2
"CCNDBP1",2
"HSPA2",2
"NDE1",2
"BAG4",2
"MAP2K3",2
"CLSPN",2
"CASP10",2
"KMT2C",2
"FEM1B",2
"DYNC1LI1",2
"JMJD6",2
"KLF15",2
"TBK1",2
"BCL2L1",2
"GCC2",2
"RAD21",2
"CLEC3A",2
"BUB1",2
"FOXA1",2
"PAFAH1B1",2
"UBE2R2",2
"NBN",2
"MKRN1",2
"DDX23",2
"DNAJC2",2
"PYGO2",2
"DTL",2
"SRSF1",2
"ATRIP",2
"MAGED2",2
"ALYREF",2
"CDCA5",2
"MX1",2
"CTTN",2
"AGO4",2
"SMURF1",2
"UBE2K",2
"TRIM54",2
"H2AFY",2
"ETV4",2
"KLHL2",2
"NAA10",2
"PRDM16",2
"CD40",2
"CPSF1",2
"MPG",2
"PPP3CA",2
"CYCS",2
"KLHL20",2
"MAP2K7",2
"FKBP5",2
"VIM",2
"UBA3",2
"DHX16",2
"TTLL12",2
"POLR2L",2
"NMI",2
"CDKN1B",2
"IER3",2
"SKI",2
"SRRM1",2
"BCL2L11",2
"MYD88",2
"BHLHE41",2
"LSM4",2
"API5",2
"DZIP3",2
"RNF20",2
"GRIA2",2
"TRIP12",2
"PRMT3",2
"MAST1",2
"PTPN22",2
"MDM4",2
"IL1A",2
"TRIM41",2
"SRSF10",2
"KIF20A",2
"SMC1A",2
"CDKN3",2
"YWHAZ",2
"GPM6A",2
"ARIH2",2
"SYK",2
"PIK3R1",2
"UBLCP1",2
"CLINT1",2
"USP25",2
"MAPK10",2
"UTRN",2
"CLASP2",2
"AKR7A2",2
"FBXO2",2
"HLA-DRB1",2
"CBY1",2
"FBXL12",2
"HIST1H2BM",2
"HLA-DPA1",2
"LPAR1",2
"NDRG4",2
"KCMF1",2
"NSL1",2
"TRMT1",2
"OTUD4",2
"KLHL9",2
"RNF41",2
"PSMD4",2
"PSMB4",2
"ELL",2
"CCNF",2
"FANCE",2
"SAE1",2
"H3F3A",2
"HPCAL1",2
"PSMD13",2
"AXIN1",2
"LTN1",2
"ANAPC2",2
"SRGAP2",2
"CORO1B",2
"NF2",2
"PSMA1",2
"SKP1",2
"UBE2E2",2
"ABCC4",2
"EXOC1",2
"AGMAT",2
"SORD",2
"RNF146",2
"ATF4",2
"CCL5",2
"HIST2H2AC",2
"AMPH",2
"RIPK2",2
"MAD2L1",2
"FOSL2",2
"CPT1A",2
"EIF4E2",2
"PHC2",2
"TNKS2",2
"BST2",2
"PHAX",2
"UBQLN4",2
"PLK1",2
"PPP2CB",2
"MLLT6",2
"DUSP5",2
"C17orf70",2
"U2AF2",2
"CBX6",2
"COPS8",2
"HMGB1",2
"DLG4",2
"INO80",2
"PRKAA2",2
"GTF2E2",2
"RANBP3",2
"KAT8",2
"TEP1",2
"FYB",2
"PIAS3",2
"NFE2L2",2
"ADRM1",2
"RPS6KB2",2
"TERF1",2
"UIMC1",2
"MB21D1",2
"RNF19B",2
"POLE2",2
"STAT5B",2
"GTPBP1",2
"METTL13",2
"TRIM9",2
"HLTF",2
"GJB7",2
"DUSP19",2
"NUF2",2
"UBA2",2
"DCLRE1B",2
"ANAPC15",2
"RBM22",2
"PSMC1",2
"DUSP1",2
"ANAPC10",2
"RING1",2
"RAB6A",2
"TNF",2
"RBBP4",2
"ENOX2",2
"MAP3K5",2
"FBXL19",2
"MET",2
"ASB2",2
"SIN3A",2
"RPRD1A",2
"AJUBA",2
"LPAR2",2
"B9D2",2
"PSME2",2
"INTU",2
"CD3E",2
"BCAS2",2
"NCOA1",2
"FBXW4",2
"ACTR8",2
"MAP3K14",2
"FANCM",2
"CDK12",2
"PIAS2",2
"RBCK1",2
"SAMSN1",2
"NAPB",2
"KMT2D",2
"ARHGAP22",2
"DCLK1",2
"STX1A",2
"ETS2",2
"MT2A",2
"NEK2",2
"GIGYF1",2
"TANK",2
"RANGAP1",2
"FBXL18",2
"DDIT3",2
"IRF2",2
"OIP5",2
"PRKACB",2
"ORC1",2
"TUBG1",2
"CYP2C8",2
"TP63",2
"IRF3",2
"EME1",2
"SCO1",2
"PPP2R2D",2
"SMAD4",2
"ANKRD40",2
"CDK5R1",2
"GSTA2",2
"RBM17",2
"ATN1",2
"IRF8",2
"DEC1",2
"JUP",2
"HSPA6",2
"TERT",2
"HSF1",2
"ERC1",2
"WEE1",2
"ACTR5",2
"POLR2D",2
"ARPC2",2
"MAPK12",2
"SQSTM1",2
"OAZ3",2
"SNRNP200",2
"TOP2A",2
"MCFD2",2
"DYNC1LI2",2
"SH3PXD2A",2
"NACA",2
"FBXO44",2
"TOX4",2
"ASB6",2
"RNF32",2
"TRIM37",2
"ASB8",2
"IRF7",2
"SMC2",2
"DUSP26",2
"ORC4",2
"KAT5",2
"EDF1",2
"TCEB1",2
"MAPK9",2
"PSMC5",2
"PRNP",2
"KIFC3",2
"ALPI",2
"BAP1",2
"UBE2I",2
"CDC45",2
"NOS3",2
"CLPB",2
"CDC7",2
"PIDD1",2
"PIAS1",2
"PTPN2",2
"USP14",2
"CCL2",2
"CDK20",2
"UBE3C",2
"PDDC1",2
"CDT1",2
"HCK",2
"PGAM5",2
"AHCYL2",2
"KLHL42",2
"DGUOK",2
"CDK5",2
"BCAT1",2
"ANAPC1",2
"SGOL1",2
"DNMBP",2
"DCLRE1C",2
"PLK4",2
"PPM1G",2
"NAT9",2
"HAUS6",2
"DNAJC3",2
"RHOA",2
"DLGAP5",2
"GTF2E1",2
"MOAP1",2
"PRRC2A",2
"ATG2A",2
"RBM3",2
"TRIM63",2
"TNFRSF12A",2
"FBXW8",2
"IMPDH1",2
"EIF3L",2
"MAPK8IP1",2
"RAD23B",2
"USP8",2
"CDC6",2
"MEA1",2
"CENPI",2
"HES1",2
"GBP2",2
"SEC23A",2
"FRAT1",2
"KBTBD6",2
"PSMC3",2
"MBD2",2
"KIF2A",2
"HSF2",2
"STAT6",2
"TRIM39",2
"UBXN7",2
"EPB41L3",2
"CREM",2
"TBP",2
"SNRPE",2
"BTBD1",2
"UBB",2
"HBZ",2
"TAF15",2
"SHFM1",2
"NUDC",2
"MAFB",2
"COPS2",2
"LLGL2",2
"PTPRF",2
"HLA-F",2
"AKAP10",2
"PDHA1",2
"CLASP1",2
"COX5A",2
"XPO7",2
"LRRC15",2
"RPL18",2
"PELI1",2
"CD27",2
"CHD1L",2
"IFIT2",2
"TUBA1A",2
"HAND2",2
"MAPK13",2
"NCAPG",2
"CSTF2T",2
"SMU1",2
"RNF111",2
"RBBP6",2
"RBBP5",2
"PRPF6",2
"NDUFV1",2
"SUGP1",2
"NUP133",2
"BATF",2
"TSPYL1",2
"HSPA1L",2
"PPT1",2
"PRPF38A",2
"JDP2",2
"PTBP2",2
"PRCC",2
"UBE2O",2
"FBXO22",2
"PRKAR2A",2
"HLA-C",2
"CENPF",2
"FBXO10",2
"CLOCK",2
"SNRPB2",2
"RFWD2",2
"UBE2D3",2
"GNAQ",2
"DNAJB4",2
"EIF4EBP1",2
"UBE2L6",2
"PSMD5",2
"PUF60",2
"SRSF4",2
"HACE1",2
"NEK9",2
"KLHL41",2
"TUBGCP2",2
"C19orf43",2
"HDAC9",2
"BTK",2
"MACF1",2
"IFIT3",2
"CENPP",2
"CDC40",2
"DHX35",2
"PAXIP1",2
"TNRC6B",2
"CEP78",2
"ASB12",2
"TRIM10",2
"FAM188A",2
"DNAJA4",2
"TRIM35",2
"CXCR3",2
"PSMB9",2
"TYMS",2
"DBF4",2
"BIRC5",2
"GPM6B",2
"DYRK4",2
"PTTG1",2
"KDM6B",2
"PEA15",2
"RGPD5",2
"CETN2",2
"EIF3F",2
"HOXD13",2
"GLB1",2
"PDS5B",2
"PARP2",2
"UFD1L",2
"RUNX1",2
"IHH",2
"XAGE1B",2
"CDC26",2
"GINS1",2
"HIST1H2BN",2
"NELFB",2
"EHHADH",2
"SPRED1",2
"CENPC",2
"CPLX1",2
"RIPK1",2
"TSG101",2
"MAP3K13",2
"UBE2M",2
"PPP3R1",2
"POLR2H",2
"HSPBP1",2
"FBXO32",2
"GZMB",2
"DCAF6",2
"DAAM1",2
"PSMF1",2
"SP1",2
"TRIP6",2
"BATF3",2
"TRIM11",2
"SMARCB1",2
"HLA-DQA1",2
"ZBTB21",2
"SMAD5",2
"STAT1",2
"TRIM2",2
"PPARA",2
"PHF5A",2
"CEBPE",2
"PPP1R12A",2
"NCOA6",2
"MAP2K6",2
"COPS7B",2
"SF3A1",2
"SALL4",2
"CTNNBL1",2
"RAB32",2
"NOL9",2
"MLF1",2
"RSAD2",2
"BRAT1",2
"C19orf57",2
"TRAF3",2
"PCF11",2
"MAP2K4",2
"ITPK1",2
"SMAD3",2
"LRRC1",2
"TCEA1",2
"LSM7",2
"FAS",2
"NCBP2",2
"RHNO1",2
"FBXL14",2
"DVL1",2
"RCC2",2
"TRIM14",2
"CD14",2
"DUSP2",2
"MAPKAPK2",2
"YAP1",2
"CENPE",2
"TET1",2
"ORC2",2
"TRIM29",2
"UBR2",2
"PPP2R3C",2
"ASB13",2
"PPFIA1",2
"HSPA13",2
"TRIM17",2
"HSPB2",2
"HIST1H2BL",2
"SF3A2",2
"ATAD5",2
"FGR",2
"OGFOD1",2
"TCF20",2
"ITGB3BP",2
"ANAPC11",2
"SNRPB",2
"DPYSL4",2
"CCNH",2
"IRF1",2
"FBXW2",2
"NACC1",2
"TLK1",2
"GPR37",2
"TMED1",2
"NUMB",2
"CRYZ",2
"MAPK4",2
"HJURP",2
"SMURF2",2
"PTGS2",2
"UBE2C",2
"NELL1",2
"RUNX3",2
"HERC4",2
"GPS1",2
"UBE2V2",2
"KALRN",2
"FOSL1",2
"RELB",2
"CKS1B",2
"ASB10",2
"RAD54L",2
"CCR5",2
"KXD1",2
"LINC01554",2
"RBM5",2
"ERCC6L",2
"RFC5",2
"KDM2B",2
"SRRT",2
"ESCO2",2
"NUP85",2
"SLX4IP",2
"MELK",2
"STAT5A",2
"DPYSL2",2
"ASB1",2
"TCEB3B",2
"ZNRF1",2
"MRPS16",2
"CCNE2",2
"OASL",2
"FANCF",2
"ESPL1",2
"TRIM31",2
"MRPL35",2
"FAM43A",2
"SATB1",2
"ASB14",2
"PRKCE",2
"RAD51B",2
"RNF7",2
"PJA2",2
"HLA-B",2
"DNAJB2",2
"RACGAP1",2
"VTN",2
"GART",2
"RMI2",2
"PPIL4",2
"PLOD2",2
"FGFRL1",2
"TNKS",2
"UCHL5",2
"HIST1H2BK",2
"SRC",2
"UBR4",2
"AMER1",2
"DPYSL3",2
"FBXO31",2
"SLC33A1",2
"FBXO21",2
"MAPRE3",2
"DET1",2
"U2SURP",2
"NKX2-5",2
"RBM39",2
"UBE2E3",2
"POLN",2
"XPO1",2
"SMARCE1",2
"GTF2F2",2
"HSPA14",2
"SF3B6",2
"DPYSL5",2
"RBM42",2
"MNAT1",2
"PLA2G10",2
"HIST1H2BH",2
"SRSF11",2
"SNRPF",2
"HMMR",2
"KLHL21",2
"HIVEP3",2
"SMARCD2",2
"RNF34",2
"GET4",2
"HECTD3",2
"PECAM1",2
"HNF4G",2
"XAB2",2
"NAT14",2
"MEN1",2
"TNFSF13B",2
"TRIM26",2
"HIST2H3PS2",2
"UBA52",2
"NEK1",2
"CCDC67",2
"LPL",2
"GTPBP2",2
"FBXL16",2
"CD28",2
"CD80",2
"MCM8",2
"SF3B4",2
"TERF2IP",2
"NELFE",2
"NFRKB",2
"XRCC6",2
"EGF",2
"NUDT21",2
"RAG2",2
"SNRNP27",2
"IL2RB",2
"DCLRE1A",2
"KCTD7",2
"SKA2",2
"PHF21A",2
"SOCS1",2
"POR",2
"CCNG2",2
"WWOX",2
"PRDX2",2
"CWC27",2
"PRPF39",2
"SNAI1",2
"FBXO40",2
"SPRED3",2
"MIS12",2
"KBTBD8",2
"CSTF2",2
"MEF2C",2
"POLR2F",2
"USP45",2
"NFATC1",2
"RSBN1L",2
"APOA2",2
"LEPREL2",2
"TRIP13",2
"FBXO11",2
"HIST1H2AD",2
"BATF2",2
"ITSN2",2
"FBXO27",2
"UBL7",2
"SYT1",2
"HIST1H2BA",2
"LRP6",2
"SF3B5",2
"ASB5",2
"TP73",2
"STX3",2
"SP100",2
"COL4A3BP",2
"HERC3",2
"RCHY1",2
"SNRPC",2
"LIG4",2
"NR1H3",2
"RAD9A",2
"HINFP",2
"TUBB4A",2
"NELFCD",2
"USP5",2
"CD3G",2
"SVIL",2
"TNFRSF10A",2
"PPP2R2C",2
"RRP9",2
"CD2",2
"CYP2E1",2
"NFKB2",2
"RAD52",2
"TAF4",2
"LLGL1",2
"ORC6",2
"CWC15",2
"CASP9",2
"PALB2",2
"LENG8",2
"SH3RF1",2
"ZCRB1",2
"FAT1",2
"TRIM45",2
"TELO2",2
"YWHAH",2
"ASB18",2
"RNF6",2
"HELLS",2
"RALBP1",2
"TGFB3",2
"FBXL3",2
"POLR2J",2
"CENPO",2
"UBQLN1",2
"SSH1",2
"CCNT2",2
"RAD17",2
"PPP2R4",2
"TUBGCP3",2
"NUP188",2
"CRTC1",2
"HSD17B4",2
"CISD1",2
"TBC1D3",2
"TGFBR1",2
"PDE6D",2
"DCAF11",2
"STIP1",2
"MIB2",2
"FBXO4",2
"HSPB3",2
"RGS1",2
"FBXL13",2
"HNF4A",2
"DLG2",2
"RNF213",2
"OAZ1",2
"TSC22D3",2
"SMARCD1",2
"NARS",2
"DCAF13",2
"FILIP1",2
"UBE2U",2
"DUSP15",2
"TNFRSF10B",2
"CIITA",2
"RNF220",2
"PON2",2
"PNKP",2
"SOCS6",2
"PPM1A",2
"FZD5",2
"TRIM24",2
"USP39",2
"C1QL4",2
"TRIM3",2
"GNAO1",2
"PRKD1",2
"TRIM46",2
"GTF2H5",2
"RAD54B",2
"SCAMP1",2
"TET2",2
"FNBP1",2
"IRF6",2
"UBA6",2
"EDIL3",2
"FBXO17",2
"HAND1",2
"RDH13",2
"PPM1D",2
"AKAP12",2
"GATA3",2
"IFIT5",2
"NFKBIE",2
"LIN9",2
"PAPOLA",2
"DZIP1",2
"GPD2",2
"MAF1",2
"MARK3",2
"YWHAB",2
"SDC2",2
"PRR14",2
"EIF4E",2
"PDE12",2
"DHFR",2
"CENPQ",2
"FANCC",2
"HLA-E",2
"MAF",2
"PSME4",2
"TTN",2
"CD38",2
"RNF144B",2
"CACNB3",2
"PRIM1",2
"FGFR3",2
"NFE2L1",2
"PTP4A3",2
"BTBD6",2
"FOXO4",2
"DCK",2
"ARHGAP9",2
"RPS6KB1",2
"OSTF1",2
"CORO7",2
"AXIN2",2
"UBA5",2
"VAV1",2
"TOPBP1",2
"GTF2H3",2
"SGTA",2
"KIF15",2
"PTPN13",2
"UBE2G1",2
"PPP3CC",2
"IL18",2
"FBXO30",2
"CD5",2
"LUM",2
"SIX4",2
"UBA7",2
"PI4K2A",2
"SRXN1",2
"SHH",2
"ASB9",2
"HECW1",2
"ASB15",2
"TRIM50",2
"SMARCC2",2
"TPTE",2
"UBE3A",2
"CCNB2",2
"STAG1",2
"PRKAR2B",2
"SIRT2",2
"HIST1H2AJ",2
"MOS",2
"EIF2AK1",2
"TNFSF10",2
"KLHDC3",2
"SRSF5",2
"PLGRKT",2
"SYN1",2
"UBE2S",2
"LSM5",2
"DCAF12",2
"XRCC3",2
"PPIH",2
"HLA-DRB5",2
"PPP3CB",2
"XRCC5",2
"TNFRSF6B",2
"VHL",2
"SPSB2",2
"PROC",2
"S100A4",2
"CD86",2
"TARS",2
"TOMM40",2
"TRAF7",2
"RAG1",2
"MYH6",2
"CACNB4",2
"PPP4R1",2
"G6PC3",2
"KLHL5",2
"PSMG2",2
"CNTN2",2
"OBFC1",2
"PSMB10",2
"UBE2H",2
"ARHGDIB",2
"GPHA2",2
"CENPT",2
"WDR48",2
"WDR5",2
"IRF9",2
"GTF2H2",2
"WBP4",2
"PPP1R15A",2
"IL2RA",2
"C19orf40",2
"CWC25",2
"P3H4",2
"LRRC6",2
"YWHAE",2
"SMC3",2
"REC8",2
"MS4A2",2
"SLX1B",2
"ELAVL4",2
"PPP1R15B",2
"SUPT4H1",2
"ILKAP",2
"A1CF",2
"NGLY1",2
"CD3D",2
"RGS20",2
"KCNH1",2
"H2BFS",2
"DOCK4",2
"UBE2N",2
"GEN1",2
"ASB17",2
"UBE2J1",2
"UBOX5",2
"PPIL3",2
"CBFB",2
"IFI35",2
"FBXW12",2
"RFC2",2
"HPCA",2
"TADA2A",2
"SRSF9",2
"IGFBP7",2
"RAD1",2
"PRKCQ",2
"PPP1R9B",2
"UGP2",2
"WDR4",2
"C11orf73",2
"HECTD2",2
"SPTA1",2
"SMNDC1",2
"CEBPG",2
"TRIM8",2
"LPGAT1",2
"DHH",2
"KIAA0101",2
"POU1F1",2
"SLC25A12",2
"CCDC61",2
"NFIX",2
"SH3GLB1",2
"HLA-G",2
"STXBP1",2
"TLR4",2
"FCGR1A",2
"KNTC1",2
"FABP1",2
"M6PR",2
"RNASEH2C",2
"CCR7",2
"NFYA",2
"SPP1",2
"UBE2W",2
"IL1B",2
"FANCB",2
"RNASEH2B",2
"CENPL",2
"UBD",2
"RAB14",2
"KIF18A",2
"MX2",2
"RORC",2
"NT5C2",2
"STYXL1",2
"RNASEH2A",2
"ZBTB8A",2
"ZBTB16",2
"ASB16",2
"KLHL11",2
"MEF2A",2
"HOXA7",2
"PTPRC",2
"USP1",2
"TRIM69",2
"HSF5",2
"SNRPG",2
"PIGM",2
"TTK",2
"POLR2K",2
"IL10",2
"TIMELESS",2
"PRC1",2
"VDR",2
"EPO",2
"SNAI2",2
"U2AF1",2
"STAT2",2
"PHOX2A",2
"SH3GL3",2
"PNMA2",2
"PHC3",2
"ME1",2
"FCGR2B",2
"TRIM71",2
"TRIM6",2
"UNC93B1",2
"HSPB8",2
"SKAP2",2
"DCAF17",2
"CTLA4",2
"TMEM206",2
"NTM",2
"DNAJC6",2
"MAP2",2
"STAG2",2
"GLI2",2
"NT5M",2
"HSPA12B",2
"INS",2
"SNX18",2
"PHC1",2
"PPP1R10",2
"SPIB",2
"BDNF",2
"USP20",2
"UBE4B",2
"ASB11",2
"USP47",2
"TTC27",2
"PYGB",2
"NUP37",2
"SUPT5H",2
"MMP1",2
"RAPGEF5",2
"CDH13",2
"SZT2",2
"FCER1A",2
"FANCL",2
"TRIM36",2
"XPC",2
"ZNF263",2
"ORF1",2
"PPEF2",2
"NGF",2
"LOXL4",2
"SPICE1",2
"CAMP",2
"NFATC4",2
"SOGA1",2
"MLXIPL",2
"CELA3A",2
"SRGAP3",2
"PACSIN2",2
"RNF19A",2
"SPSB4",2
"ITGAE",2
"TRNT1",2
"FBXL7",2
"FAM96A",2
"TNFSF12",2
"SLC25A28",2
"RNF187",2
"MMP9",2
"IL15",2
"VPS53",2
"DPP6",2
"ODC1",2
"LTA",2
"XAF1",2
"UBFD1",2
"SNRPN",2
"LDLRAP1",2
"RAD51C",2
"S1PR1",2
"TNFSF11",2
"FZD1",2
"SETMAR",2
"ODF1",2
"NFAT5",2
"TRIM4",2
"TEC",2
"TH",2
"TJP3",2
"KLHL3",2
"UBE2D4",2
"ZAP70",2
"CD8A",2
"VEGFA",2
"CALB2",2
"SNAP91",2
"SLC2A4",2
"TRIP4",2
"SNX11",2
"C19orf60",2
"TNPO1",2
"SYMPK",2
"FBXL20",2
"CSF2",2
"IFI27",2
"YBX1",2
"TCEB3",2
"UBAC1",2
"SGOL2",2
"INPP5B",2
"PTAFR",2
"SPRED2",2
"MBNL2",2
"TRIM33",2
"STX1B",2
"TFPT",2
"SYN2",2
"RASGRF1",2
"ZDHHC17",2
"SYP",2
"USP13",2
"BTG3",2
"WAPAL",2
"TBX21",2
"PPIL6",2
"CD40LG",2
"TAOK1",2
"ITGAL",2
"FAM13B",2
"STAMBP",2
"ABCB11",2
"MMP3",2
"C12orf45",2
"YBEY",2
"FBXO5",2
"HLA-DQB2",2
"LIG1",2
"IFNG",2
"SMARCD3",2
"WDR82",2
"XPA",2
"GTF3A",2
"OAS1",2
"STRN4",2
"UQCRFS1",2
"IFNA21",2
"PPP2R3B",2
"PPIL1",2
"FHIT",2
"RIPK3",2
"CADM4",2
"INCENP",2
"PLK3",2
"TRIM68",2
"GBP3",2
"CXCL1",2
"RNASEL",2
"SPC24",2
"H2AFJ",2
"PTPN18",2
"MYSM1",2
"APOBEC3F",2
"ZNRD1",2
"KLHL25",2
"NR2F6",2
"UBN1",2
"TCEANC2",2
"TICRR",2
"RRM1",2
"PRICKLE1",2
"NFATC3",2
"SPSB1",2
"DGKD",2
"PCDH10",2
"TEX10",2
"NFKBIB",2
"TNRC6C",2
"PIP5K1A",2
"CHRM1",2
"NCALD",2
"ZNF471",2
"TGFB2",2
"UBE2J2",2
"PSMG3",2
"CCL4",2
"SPI1",2
"FCER1G",2
"CNEP1R1",2
"SH3PXD2B",2
"SNX9",2
"GRAP",2
"IL6",2
"SHOC2",2
"HPSE",2
"WDHD1",2
"TP53TG5",2
"FRAT2",2
"TNFSF14",2
"ZW10",2
"FCGR1B",2
"PHLDA1",2
"NCR1",2
"RORA",2
"OAS2",2
"VSIG1",2
"UBE2G2",2
"PTBP3",2
"TPX2",2
"TBL1Y",2
"ZNF707",2
"VARS",2
"USP18",2
"VPS37B",2
"UBE2Q2",2
"CXCL2",2
"ALKBH1",2
"ZSWIM8",2
"TIPIN",2
"YY1",2
"ISG20",2
"WBP11",2
"YES1",2
"APOBEC4",2
"PFKFB1",2
"PPP1R1B",2
"WWP1",2
"ZEB1",2
"TRMT10A",2
"ZNF211",2
"FBXO9",2
"FOSB",2
"STAT4",2
"CD1D",2
"ZNF598",2
"TET3",2
"TNFRSF11A",2
"OAZ2",2
"TST",2
"IL17A",2
"GBP5",2
"SRGAP1",2
"WARS",2
"IP6K2",2
"MYO15A",2
"SLC12A3",2
"MPND",2
"UNG",2
"GBP6",2
"EME2",2
"TBCE",2
"PRF1",2
"EDN1",2
"UBE2Q1",2
"USHBP1",2
"SWAP70",2
"TRIM22",2
"VRK1",2
"TRPC4AP",2
"LTB",2
"RPS19BP1",2
"EPS8L3",2
"UBE2T",2
"SPC25",2
"IL4",2
"ZNF746",2
"SATB2",2
"MATN4",2
"VAV2",2
"ZWINT",2
"NOTCH4",2
"FBXW10",2
"BEND4",2
"RNF182",2
"TRIM62",2
"MEPE",2
"KIAA0513",2
"FBXW9",2
"SELL",2
"PALM3",2
"IFITM2",2
"CD8B",2
"UFL1",2
"PPP4R4",2
"FBXL22",2
"NKD1",2
"IL18R1",2
"ITGAX",2
"UNC5CL",2
"TUSC3",2
"XIAP",2
"UBE3D",2
"YARS",2
"HIF3A",2
"UBE3B",2
"WIPI2",2
"IFNB1",2
"IL2",2
"ZBTB44",2
"CCL4L1",2
"CXCL3",2
"KIAA2012",2
"HLA-DQA2",2
"HLA-DQB1",2
"LPAR3",2
"UCN",2
"RAD9B",2
"PSMB11",2
"H2AFB1",2
"SMPD1",2
"KBTBD13",2
"FBXO41",2
"IL7",2
"C10orf11",2
"MT-CO2",2
"IFI6",2
"HEATR2",2
"FXYD2",2
"H326",2
"UBE2F",2
"RNF217",2
"HOXB3",2
"MPP4",2
"UBBP4",2
"WNT1",2
"VTI1B",2
"GBP7",2
"IFITM1",2
"GBP4",2
"KLRB1",2
"WNT3A",2
"SMO",2
"XPO6",2
"UNKL",2
"U2AF1L4",2
"WSB1",2
"SPN",2
"TCEB3C",2
"TCEB3CL2",2
"WNT8A",2
"WNT8B",2
"SPOPL",2
"U2AF35",2
"TRIM48",2
"TK2",2
"UGT1A6",2
"ZWILCH",2
"MACC1",2
"ZNF645",2
"TGIF1",2
"WDR25",2
"XRCC2",2
"ENSG00000026036",2
"FAM26F",2
"ZFP36",2
"ZFC3H1",2
"WTIP",2
"ZNRF2",2
"ZFPL1",2
"ZNF517",2
"ZMAT2",2
"ZNF785",2
"ZMAT3",2
"ZNF420",2
"ZBTB7C",2
"ZNF816",2
"USP6",2
"VSNL1",2
"ZNF225",2
"PPIAP11",2
"RIMBP3C",2
"LINC00461",2
"TMEM190",2
"MIA",2
"WDR42A",2
"DNA damage checkpoint",6
"negative regulation of transcription by RNA polymerase II",6
"protein phosphatase type 2A complex",6
"MAPK cascade",6
"protein polyubiquitination",6
"nuclear chromosome",6
"mRNA splicing, via spliceosome",6
"proteasome complex",6
"meiotic DNA double-strand break processing",6
"resolution of meiotic recombination intermediates",6
"double-strand break repair via homologous recombination",6
"chromosome, centromeric region",6
"chromosome, telomeric region",6
"nuclear chromosome, telomeric region",6
"chromatin",6
"nuclear chromatin",6
"condensed nuclear chromosome",6
"P-body",6
"transcription regulatory region sequence-specific DNA binding",6
"RNA polymerase II cis-regulatory region sequence-specific DNA binding",6
"DNA-binding transcription factor activity, RNA polymerase II-specific",6
"RNA polymerase II activating transcription factor binding",6
"DNA-binding transcription activator activity, RNA polymerase II-specific",6
"angiogenesis",6
"ATPase activator activity",6
"microglial cell activation",6
"release of cytochrome c from mitochondria",6
"liver development",6
"positive regulation of endothelial cell proliferation",6
"osteoblast development",6
"stimulatory C-type lectin receptor signaling pathway",6
"positive regulation of defense response to virus by host",6
"immune system process",6
"antigen processing and presentation of exogenous peptide antigen via MHC class I, TAP-dependent",6
"outflow tract morphogenesis",6
"nucleic acid binding",6
"DNA binding",6
"chromatin binding",6
"damaged DNA binding",6
"single-stranded DNA binding",6
"DNA-binding transcription factor activity",6
"transcription coactivator activity",6
"transcription corepressor activity",6
"RNA binding",6
"cytidine deaminase activity",6
"ribonuclease activity",6
"protein kinase activity",6
"protein serine/threonine kinase activity",6
"phosphoprotein phosphatase activity",6
"transmembrane signaling receptor activity",6
"GTPase activator activity",6
"signaling receptor binding",6
"death receptor binding",6
"cytokine activity",6
"tumor necrosis factor receptor binding",6
"calcium ion binding",6
"protein binding",6
"ATP binding",6
"GTP binding",6
"extracellular region",6
"extracellular space",6
"cell",6
"nucleus",6
"nuclear envelope",6
"nucleoplasm",6
"transcription factor complex",6
"spliceosomal complex",6
"U1 snRNP",6
"nuclear euchromatin",6
"nucleolus",6
"cytoplasm",6
"mitochondrion",6
"mitochondrial outer membrane",6
"mitochondrial intermembrane space",6
"endoplasmic reticulum",6
"Golgi apparatus",6
"centrosome",6
"cytosol",6
"proteasome regulatory particle",6
"plasma membrane",6
"integral component of plasma membrane",6
"caveola",6
"cell cortex",6
"dGTP catabolic process",6
"DNA replication",6
"DNA repair",6
"nucleotide-excision repair",6
"regulation of transcription, DNA-templated",6
"regulation of transcription by RNA polymerase II",6
"transcription by RNA polymerase II",6
"protein folding",6
"protein phosphorylation",6
"protein dephosphorylation",6
"regulation of cellular amino acid metabolic process",6
"apoptotic process",6
"activation of cysteine-type endopeptidase activity involved in apoptotic process",6
"inflammatory cell apoptotic process",6
"immune response",6
"cellular response to DNA damage stimulus",6
"DNA damage induced protein phosphorylation",6
"response to unfolded protein",6
"mitochondrion organization",6
"cell cycle",6
"signal transduction",6
"transforming growth factor beta receptor signaling pathway",6
"Ras protein signal transduction",6
"cell-cell signaling",6
"nervous system development",6
"aging",6
"learning",6
"circadian rhythm",6
"enzyme activator activity",6
"transcription factor binding",6
"zinc ion binding",6
"positive regulation of cell population proliferation",6
"negative regulation of cell population proliferation",6
"extrinsic apoptotic signaling pathway via death domain receptors",6
"crossover junction endodeoxyribonuclease activity",6
"dGTPase activity",6
"deoxyribonucleotide catabolic process",6
"response to radiation",6
"response to light stimulus",6
"response to mechanical stimulus",6
"external side of plasma membrane",6
"cytidine deamination",6
"response to organic substance",6
"regulation of signaling receptor activity",6
"negative regulation of transposition",6
"regulation of double-strand break repair via homologous recombination",6
"positive regulation of epithelial cell migration",6
"regulation of transcription from RNA polymerase II promoter in response to UV-induced DNA damage",6
"DNA double-strand break processing involved in repair via single-strand annealing",6
"negative regulation of peptidyl-threonine phosphorylation",6
"negative regulation of G2/M transition of mitotic cell cycle",6
"positive regulation of neuron projection development",6
"regulation of phosphatidylinositol 3-kinase signaling",6
"positive regulation of phosphatidylinositol 3-kinase signaling",6
"postsynaptic density",6
"actin cytoskeleton",6
"membrane",6
"viral process",6
"kinase activity",6
"somatic hypermutation of immunoglobulin genes",6
"negative regulation of angiogenesis",6
"sarcoplasmic reticulum",6
"base conversion or substitution editing",6
"cytidine to uridine editing",6
"protein deubiquitination",6
"triphosphoric monoester hydrolase activity",6
"nuclear receptor binding",6
"transcriptional repressor complex",6
"5'-flap endonuclease activity",6
"peptidyl-threonine phosphorylation",6
"cytokine-mediated signaling pathway",6
"protein phosphatase regulator activity",6
"enzyme binding",6
"kinase binding",6
"protein domain specific binding",6
"interleukin-1 binding",6
"Z disc",6
"lamellipodium",6
"actin cytoskeleton organization",6
"cell junction",6
"extracellular matrix organization",6
"monocyte differentiation",6
"carbohydrate binding",6
"Hsp70 protein binding",6
"U1 snRNA binding",6
"cellular chloride ion homeostasis",6
"regulation of actin filament polymerization",6
"positive regulation of granulocyte differentiation",6
"apolipoprotein B mRNA editing enzyme complex",6
"forebrain development",6
"heat shock protein binding",6
"axon regeneration",6
"anaphase-promoting complex-dependent catabolic process",6
"SCF-dependent proteasomal ubiquitin-dependent protein catabolic process",6
"positive regulation of protein-containing complex assembly",6
"cytoplasmic vesicle",6
"M band",6
"polyubiquitin modification-dependent protein binding",6
"ubiquitin protein ligase binding",6
"protein destabilization",6
"regulation of protein autophosphorylation",6
"negative regulation of protein autophosphorylation",6
"nuclear membrane",6
"regulation of proteasomal ubiquitin-dependent protein catabolic process",6
"positive regulation of proteasomal ubiquitin-dependent protein catabolic process",6
"response to peptidoglycan",6
"response to muramyl dipeptide",6
"response to lipopolysaccharide",6
"dGTP binding",6
"positive regulation of interferon-alpha production",6
"positive regulation of interferon-beta production",6
"positive regulation of interleukin-12 production",6
"positive regulation of ATPase activity",6
"cellular response to hormone stimulus",6
"regulation of protein localization",6
"protein-containing complex",6
"protein-DNA complex",6
"positive regulation of peptidyl-serine phosphorylation",6
"tumor necrosis factor-mediated signaling pathway",6
"cellular response to stress",6
"Slx1-Slx4 complex",6
"response to cytokine",6
"centriolar satellite",6
"protein localization to nucleus",6
"cellular response to reactive oxygen species",6
"secretory granule lumen",6
"leading edge cell differentiation",6
"positive regulation of protein dephosphorylation",6
"histone kinase activity (H3-T11 specific)",6
"histone H3-T11 phosphorylation",6
"cAMP response element binding",6
"intracellular signal transduction",6
"cellular response to drug",6
"site of double-strand break",6
"transcription factor AP-1 complex",6
"response to muscle stretch",6
"interstrand cross-link repair",6
"IRE1-mediated unfolded protein response",6
"NIK/NF-kappaB signaling",6
"Fc-epsilon receptor signaling pathway",6
"host cell nucleus",6
"regulation of cell population proliferation",6
"response to drug",6
"response to hydrogen peroxide",6
"identical protein binding",6
"protein homodimerization activity",6
"regulation of apoptotic process",6
"neuronal cell body",6
"positive regulation of apoptotic process",6
"negative regulation of apoptotic process",6
"positive regulation of catalytic activity",6
"positive regulation of I-kappaB kinase/NF-kappaB signaling",6
"ubiquitin binding",6
"negative regulation of cysteine-type endopeptidase activity involved in apoptotic process",6
"proteasome-mediated ubiquitin-dependent protein catabolic process",6
"dendritic spine",6
"lysosomal lumen",6
"intracellular membrane-bounded organelle",6
"neutrophil degranulation",6
"negative regulation of DNA binding",6
"response to peptide hormone",6
"regulation of mRNA stability",6
"negative regulation of neuron apoptotic process",6
"positive regulation of neuron apoptotic process",6
"positive regulation of GTPase activity",6
"sequence-specific DNA binding",6
"regulation of phosphoprotein phosphatase activity",6
"post-translational protein modification",6
"negative regulation by host of viral transcription",6
"positive regulation by host of viral transcription",6
"protein folding chaperone",6
"transcription regulatory region DNA binding",6
"ubiquitin-like protein ligase binding",6
"protein-containing complex binding",6
"positive regulation of viral genome replication",6
"negative regulation of viral genome replication",6
"innate immune response",6
"regulation of innate immune response",6
"intermediate filament organization",6
"cadherin binding",6
"positive regulation of cell differentiation",6
"positive regulation of monocyte differentiation",6
"positive regulation of osteoblast differentiation",6
"positive regulation of DNA replication",6
"positive regulation of epidermal growth factor receptor signaling pathway",6
"positive regulation of cell cycle",6
"negative regulation of mitotic nuclear division",6
"negative regulation of single stranded viral RNA replication via double stranded DNA intermediate",6
"negative regulation of transcription, DNA-templated",6
"positive regulation of transcription, DNA-templated",6
"positive regulation of transcription by RNA polymerase II",6
"dATP catabolic process",6
"regulation of mitotic centrosome separation",6
"retinal cell programmed cell death",6
"metal ion binding",6
"protein N-terminus binding",6
"deoxycytidine deaminase activity",6
"chromatin-mediated maintenance of transcription",6
"positive regulation of fibroblast proliferation",6
"3'-flap endonuclease activity",6
"endosomal lumen acidification",6
"perinuclear region of cytoplasm",6
"Holliday junction resolvase complex",6
"negative regulation of viral process",6
"regulation of peptidyl-tyrosine phosphorylation",6
"positive regulation of peptidyl-tyrosine phosphorylation",6
"T cell receptor signaling pathway",6
"unfolded protein binding",6
"chaperone cofactor-dependent protein refolding",6
"chaperone binding",6
"regulation of DNA-binding transcription factor activity",6
"positive regulation of DNA-binding transcription factor activity",6
"ATPase binding",6
"protein homotetramerization",6
"cellular response to potassium ion starvation",6
"positive regulation of neurotrophin TRK receptor signaling pathway",6
"response to cAMP",6
"defense response to virus",6
"regulation of cell cycle",6
"positive regulation of protein kinase B signaling",6
"negative regulation of protein kinase B signaling",6
"membrane depolarization",6
"transmembrane transport",6
"Wnt signaling pathway, planar cell polarity pathway",6
"cytoplasmic vesicle lumen",6
"interferon-gamma-mediated signaling pathway",6
"type I interferon signaling pathway",6
"negative regulation of type I interferon-mediated signaling pathway",6
"SMAD protein signal transduction",6
"chorio-allantoic fusion",6
"syncytiotrophoblast cell differentiation involved in labyrinthine layer development",6
"chorion development",6
"eyelid development in camera-type eye",6
"regulation of transcription from RNA polymerase II promoter in response to hypoxia",6
"telomeric D-loop disassembly",6
"sperm head",6
"extracellular exosome",6
"T cell apoptotic process",6
"necroptotic process",6
"negative regulation of G0 to G1 transition",6
"positive regulation of ERK1 and ERK2 cascade",6
"DNA cytosine deamination",6
"R-SMAD binding",6
"interleukin-1-mediated signaling pathway",6
"ERCC4-ERCC1 complex",6
"proteasome binding",6
"response to growth factor",6
"positive regulation of cell cycle arrest",6
"cellular response to mechanical stimulus",6
"cellular response to cadmium ion",6
"cellular response to calcium ion",6
"cellular response to cytokine stimulus",6
"cellular response to interferon-gamma",6
"cellular response to growth factor stimulus",6
"HMG box domain binding",6
"signal transduction involved in G2 DNA damage checkpoint",6
"response to intra-S DNA damage checkpoint signaling",6
"protein phosphatase activator activity",6
"DNA demethylation",6
"negative regulation of inclusion body assembly",6
"negative regulation of canonical Wnt signaling pathway",6
"negative regulation of lipid kinase activity",6
"positive regulation of canonical Wnt signaling pathway",6
"replicative senescence",6
"RNA phosphodiester bond hydrolysis",6
"t-circle formation",6
"apoptotic signaling pathway",6
"extrinsic apoptotic signaling pathway",6
"tetraspanin-enriched microdomain",6
"negative regulation of transcription from RNA polymerase II promoter in response to stress",6
"necroptotic signaling pathway",6
"glutamatergic synapse",6
"DNA strand resection involved in replication fork processing",6
"regulation of cellular response to heat",6
"regulation of mRNA polyadenylation",6
"regulation of signal transduction by p53 class mediator",6
"regulation of mitotic cell cycle phase transition",6
"regulation of hematopoietic stem cell differentiation",6
"regulation of extrinsic apoptotic signaling pathway via death domain receptors",6
"negative regulation of extrinsic apoptotic signaling pathway via death domain receptors",6
"positive regulation of pri-miRNA transcription by RNA polymerase II",6
"negative regulation of protein localization to plasma membrane",6
"regulation of autophagy of mitochondrion",6
"regulation of protein targeting to mitochondrion",6
"release of sequestered calcium ion into cytosol by endoplasmic reticulum",6
"negative regulation of telomere maintenance via telomere lengthening",6
"positive regulation of t-circle formation",6
"positive regulation of vascular smooth muscle cell proliferation",6
"ficolin-1-rich granule lumen",6
"ubiquitin-specific protease binding",6
"negative regulation of transcription from RNA polymerase II promoter in response to endoplasmic reticulum stress",6
"U1 snRNP binding",6
"ribonucleoprotein complex",6
"positive regulation of DNA-templated transcription, initiation",6
"positive regulation of actin cytoskeleton reorganization",6
"positive regulation of endothelial cell apoptotic process",6
"regulation of histone H3-K9 acetylation",6
